단어,사용횟수
목숨,1
벤트,36
광부,1
우주,23
어몽,610
어스,618
처음,17
포스터,113
컨셉,15
어몽어스,58
모두,8
사람,26
게임,31
목격자,2
공략,7
확시,2
명수,2
추격,1
전의,1
달인,1
조커,1
박명수,3
도전,6
암살,4
전혀,3
대전,2
투표,5
마음대로,3
조종,1
신종,1
투명,2
버그,12
모바일,8
애니메이션,35
커플,1
서로,1
파티,3
김봉준,1
믹서기,1
부자,1
유튜버,3
천원,1
미션,3
바로,3
시작,5
임포,11
나기,1
파랑,1
남매,2
쁘띠,3
허브,3
역대,14
레전드,24
혼자,5
인물,12
크루,11
방법,24
신기록,1
마인크래프트,9
변신,2
쪼그,1
친구,11
모드,8
국밥,6
아무,5
개빡겜,1
격전,2
필살기,1
공개,3
페이커,2
플레이,15
살인,6
노하우,2
연속,3
더블,2
정치,4
배신,1
전략,1
동료,2
하드캐리,1
당황,3
살수,1
신고,2
회의,3
참석,1
시체,5
끝판,2
유저,5
눈사람,1
계정,7
이유,10
제일,3
막내,1
틀몽,1
장인,2
활용,2
로만,1
이동,1
충격,3
반전,9
대회,2
한게임,2
한번,1
한턴,1
시민,9
승리,3
미라,1
천재,2
궁극,1
사기,2
발견,4
연쇄,1
살인마,4
공주,1
나무,1
범죄자,2
색깔,2
소름,10
극한,4
설정,2
최초,6
길막,1
공사,1
설계,1
가지,10
감스트,1
실력,1
진심,1
농락,4
전설,1
타고,4
죽음,2
배달,1
쿠팡,1
등장,3
비명,1
차이,1
승패,1
당신,5
변호,1
천하,1
와중,1
세계,6
은신,2
말문,1
센서,1
보고,3
추리,7
트롤,5
주의,10
패드,1
립하,1
교육,1
이용,2
동선,1
거미,1
제대로,2
싸이코,1
비둘기,1
빅맥송,3
술래잡기,11
때문,5
강제,2
린지,3
일반인,3
특집,8
상대,2
무빙,1
닉네임,9
혜안,2
의무,1
멘사,2
회원,2
자수,1
비밀,4
치트키,1
가장,4
순간,3
김재원,2
마피아,10
계속,3
역주행,1
통신,2
소리,1
진짜,2
모스부호,1
스토리,6
돌입,1
명문,1
오클랜드,2
졸업생,1
생일,2
축하,1
과연,3
멸치,2
다이어트,1
꿀팁,3
여자,2
채팅,3
무당,1
바보,5
잡고,1
아예,1
헬창편,1
캐릭터,10
다른,2
이면,2
난이도,2
림보,1
실화,3
귀신,1
이야기,2
유령,2
사실,2
우리,3
보드,3
제어,1
잠수,1
쩐다,1
사건,1
현장,2
몽린,2
즐겜,1
초딩,2
잼몽,3
시청자,2
발발,1
공포,2
화가,1
보라,2
여친,1
보라색,1
태도,1
분명,1
연기대상,1
탱탱,3
그때,1
아래,1
모조리,1
낚는,1
반대,2
인증,1
다가,1
유형,5
그것,1
실제,3
한국,1
서버,2
외국인,1
인척,3
릴카,1
목격,1
거울,2
꿀잼,7
시인,1
폭발,2
신입사원,1
회사원,1
드루,1
하위,1
퍼센트,1
위치,1
인성,2
안전,5
가족,9
손해,1
살생,1
킬러,1
스님,1
실친,2
감성,1
욕설,1
심리학,1
전공,1
끼리,6
성공,2
부부,2
성격,3
제작,1
취소,3
포기,2
개발자,1
논리,1
신규,1
소식,2
절대,8
사이코패스,1
방중,1
해킹,1
뉴비,3
참여자,1
전원,1
맵핵,2
고하,1
대처,2
자세,1
사람과,1
사보타지,1
파괴,1
보안,1
실로,1
어몽어스할,1
누구,4
거지,1
사랑,1
전쟁,3
합방,9
합법,2
초보,4
만난,1
저라뎃,1
하이라이트,7
망원경,1
사진,2
의미,1
화면,1
대학,2
영상,10
둘이서,2
초등학생,2
눈앞,1
의심,6
중국인,2
이상형,1
월드컵,1
전부,3
헤드,2
중력,2
포수,1
코혐있는,1
공감,3
만화,2
민트,2
베이비,1
시점,1
삼촌,1
마이,2
노래,4
도망,1
관심,1
겜브링,2
패스,2
아저씨,1
인생,1
도움,1
스브스,1
뉴스,1
쌍욕,1
오버,3
워치,3
퀄리티,1
대박,1
박스,2
모션,2
오토마타,2
자동,2
프로포즈,1
다차,1
위로,1
도중,1
누명,1
걸뽀,1
병맛,1
놀란,1
킴성태,1
슈퍼,1
끝내,1
플로,1
아파트,1
데리,3
배그,3
아이엠,1
개그맨,2
소가,1
거짓말,1
누렇,1
쁘허,2
먹방,1
여우,1
강아지,3
거북이,1
동물,1
간식,1
이름,2
쉬움,1
감히,1
피지,1
순간포착,1
능력,2
정말,1
누가,1
타도,1
고급,1
기술,1
치명,2
오류,1
살타,1
인정,1
수집가,1
전기,1
생각,1
유튜브,2
직접,3
스티커,1
공대생,2
계획,1
중퇴,1
포오,1
탐정,2
캐릭,1
최강,2
캐리,1
아빠,1
개발,1
정리,1
롤비,1
제이,1
감탄,1
도플갱어,1
이기,2
외국,1
제작자,1
사칭,1
연승,1
무료,5
스킨,5
가능,1
할로윈,2
크리스마스,1
탬버린,3
진우,1
낫다,1
기기,1
프로게이머,2
조리돌림,1
자칭,1
펜타킬,1
완성형,1
견자희,3
업데이트,1
킬안,1
하이,1
빅스,1
표정,1
원조,1
블록,6
루시,2
우주선,2
솔킬,1
킬각,1
제갈량,1
범죄,1
도시,1
기념,1
장첸,1
어몽어스하깈,1
무드등,1
만들기,15
괴담,3
리가,1
누렇게뜬,1
모음,5
서새봄,3
진우님,1
초홍,1
도티,1
옴므,2
이녕,1
머독,1
갑주,1
알버트,2
마크,4
휴지,1
장소,1
자꾸,1
심판,1
양세형,1
왕초보,1
바봉,2
어몽어즈,2
멘몽,1
변호사,1
반응,2
보기,2
대장,1
짝사랑,1
미인계,1
오늘,3
암살자,1
옥자,3
강소연,1
우정,1
쇼김,1
달걀,1
타수,1
백설,1
이춘,2
향꽃빈잼,1
조선,1
양반,1
살인자,2
키캡,5
레진,6
아트,3
공예,3
하나로,1
마스터,1
배틀,1
라운드,1
최현우,1
가이드,2
명의,1
잼강,1
꽃짬,1
걀쇼잉,1
팀킬,1
딕스,2
무슨,1
머리,2
임포임포임,1
포스,1
빡머가리,1
김꽃핀,1
블러,1
김뚜띠,1
김뿡,1
나나,2
램램,1
마뫄,1
삐부,1
실프,1
다시,1
탱탱이,1
이건,1
잠깐,1
아구에로,1
요즘,2
쿠키,1
비폭력,1
간디,1
마음,1
멤버,1
러시,1
화장실,1
풍월,2
오하,2
경력,1
제패,1
일이,2
잉여,1
업그레이드,1
맷돌,1
화타,1
지누,1
단숨,1
더블킬,1
수탉,1
일단,1
눈썰미,1
할아버지,1
간만,1
케빡,1
집중,1
눈물,1
메이드,2
식당,2
대기실,1
한판,1
속도,1
조절,1
카트라이더,1
카몽,1
버전,5
어멍,1
리믹스,1
손님,1
잔뜩,1
규칙,1
가짜,1
사나이,1
절교,1
사연,1
고민,1
빡침툰,1
긍정,1
고양이,1
댄스,1
타임,1
도애,2
애니,1
메모장,1
크림,1
까르,1
불닭,1
가이즈,2
협곡,1
오신,1
환영,1
선비,1
만이,1
감각,1
고막,1
정신,1
조합,1
입문,1
초보자,1
아롱다롱,1
유리,1
채민,1
우두둑,1
혼쭐,1
선바,2
매드라이프,1
편집자,1
완전,2
정복,1
주요,1
효과음,1
잡음,1
범인,3
탁주,1
쪼꼬,1
안보,1
혼종,1
집안,1
난리,1
단계,1
평균,2
나이,2
단편,1
에피소드,1
훈발놈,1
노예,1
라면,1
러너,1
꽃빈,1
쫀득,1
김진우,1
합작,1
루피,1
고잉메리호,1
보물,1
카트,2
랜덤,2
무기,2
온라인게임,2
악어,2
검색,1
재료,1
요리사,1
위기,1
가슴,1
튜브,1
완결,1
아이콘,1
참사,1
코봉,1
트위치,1
라이브,1
고독,1
헬창,1
도서관,1
생방송,2
귀요미,1
방송,1
엄빠,1
야생,1
사이렌,1
드래곤,1
피아노,1
건축,2
집짓기,2
나머지,1
이스터에그,3
강좌,1
모양,1
풀이,1
킬당,1
야스오,1
핑크,1
컴퓨터,2
설치,1
세팅,1
증거,1
버리긔,1
크리퍼,1
유니,1
대기,1
엉망,1
진창,1
대결,1
가족게임,1
브이,1
로그,1
헬로,1
마시멜로,1
다섯,1
단합,1
조작,1
시도,1
과거,1
통합,1
현실,3
말벤져스,1
다운로드,1
링크,1
추가,1
설명,2
광고,1
동의,1
변경,1
한글,2
커스터,1
이즈,1
피부,1
누런색이,1
특징,1
소년,4
하나,6
걷기,1
루스,2
죽지,1
군단,1
대량생산,1
독자,1
요청,1
사망,1
쭈니,1
가요,1
패러디,2
양심,1
애니매이션,1
개꿀잼,1
멘붕,1
기함,1
공유,1
이번,1
드라이어,1
링클,1
감시자,1
빙의,1
노스,1
자막,1
대해,1
보장,1
그린,1
색인,1
참깨,1
종이접기,1
햄찌,2
마몽,1
구덩이,1
위장,2
연킬,2
다누리,1
지도,1
금지,1
극혐,1
김정호,1
반칙,1
성태,1
화석,1
낱낱이,1
무조건,1
스임,1
누군가,1
아프리카,1
신인,1
마이크,1
난장판,1
만두,1
그로,1
남편,1
스릴러,1
바위,1
새싹,1
서울대,1
미래,1
의사,1
마피아게임,1
블루,1
스트리머,1
속마음,1
지금,1
역전재판,1
분석,1
구준,1
형제,1
강백싸트,1
니엘,1
누나,1
지기,2
배포,1
디콩,1
몰래,1
한국어,1
참어,1
대못,1
웃음,1
앜앜,1
마젠타,1
손절,1
차단,1
당한,1
투디,1
귤똥,1
